case,length,family,before_upper_ratio,after_upper_ratio,before_union_center,after_union_center,before_fore,after_fore,before_aft,after_aft,before_front_occupancy,after_front_occupancy,after_upper_center
aegis-11,500,HAMMERHEAD,0.5865229751882018,0.3622980774551802,0.36047831481598286,0.47765367562398,0.519511774877,0.3506125353920168,0.13268118585878724,0.27350773065263617,0.6989795918367347,0.6989795918367347,0.4729
aegis-4,120,HAMMERHEAD,0.5775799666087696,0.34651223265177616,0.36035860172809875,0.4636171675897065,0.5199778246288034,0.36711739952404016,0.13267293798684443,0.24402414936112587,0.6913265306122449,0.6836734693877551,0.42
aegis-7,300,WEDGE_CITADEL,0.6255098272183485,0.31613901816797985,0.47819895787712313,0.5488190503512317,0.2905866454801182,0.19957724851854364,0.22582242611182665,0.34047895207971546,0.7040816326530612,0.6989795918367347,0.5909
forge-11,500,HAMMERHEAD,0.5264581348374698,0.34703270902308003,0.36511912138336916,0.4775131762791749,0.5161220903952967,0.3546109298697514,0.13771171171897748,0.2762546990320106,0.6989795918367347,0.7295918367346939,0.4729
forge-4,120,HAMMERHEAD,0.5184309648616433,0.31489087002070437,0.36511529334897935,0.46529433762271183,0.5163251978211348,0.3727010393040577,0.13768410242063914,0.25397626497325626,0.6913265306122449,0.7270408163265306,0.42
forge-7,300,WEDGE_CITADEL,0.5614524083292961,0.30325291688395895,0.48491285645059773,0.5465381415405534,0.275048710953674,0.20591888753201443,0.22620725749972745,0.3393356881545779,0.7040816326530612,0.7372448979591837,0.5909
serein-11,500,HAMMERHEAD,0.4359106538108028,0.3419442528790465,0.3638681472408748,0.4774638725634624,0.5180822965404283,0.355152978474983,0.13928420428683874,0.276726620997993,0.6760204081632653,0.6836734693877551,0.4729
serein-4,120,HAMMERHEAD,0.4405308948605419,0.31027370183858266,0.36358049389847275,0.4651537387334449,0.5182979083188501,0.3732444282656306,0.13877150039031583,0.2540830963356681,0.6709183673469388,0.6811224489795918,0.42
serein-7,300,WEDGE_CITADEL,0.4618975738800122,0.29895754978928535,0.48267156278947565,0.5465229938923776,0.28449267297170294,0.20593512426616065,0.23213412994395222,0.3392915480505742,0.6836734693877551,0.6989795918367347,0.5909
vesper-11,500,HAMMERHEAD,0.5865229751882014,0.31076914387123233,0.3604783148159829,0.478472832182008,0.519511774877,0.35708837796443305,0.13268118585878713,0.2822863444046264,0.6989795918367347,0.6632653061224489,0.4729
vesper-4,120,HAMMERHEAD,0.5775799666087698,0.28198600173649213,0.3603586017280987,0.4663721452309689,0.519977824628803,0.37407370490972475,0.1326729379868442,0.2591596390663122,0.6913265306122449,0.6683673469387755,0.42
vesper-7,300,WEDGE_CITADEL,0.6255098272183487,0.2724546815318045,0.47819895787712313,0.5464777703847613,0.2905866454801185,0.20803345626569364,0.22582242611182682,0.3404413354825178,0.7040816326530612,0.673469387755102,0.5909
